fixation,duration,start_time
1,151.09820000827312,0.0
2,181.15780000388622,181.03100000321865
3,846.5947999954224,392.1379000097513
4,120.89660000801086,1389.6389999985695
5,249.15999999642372,1540.8966000080109
6,333.4666000008581,1812.4873000085356
7,388.21099999547005,2181.660400003195
8,460.4962999969721,2602.8034000098705
9,492.6883000135422,3088.7991999983788
10,193.44659999012902,3651.864200010896
11,382.61360000074,3845.3286000043154
12,530.5683000087738,4242.594099998474
13,271.4636999964705,4803.185300007463
14,368.4155000001192,5104.3356000036
15,178.55560000240803,5501.15530000627
16,120.33149999380112,5769.800800010562
17,181.37010000646114,5920.5231000036
18,150.9940000027418,6132.310699999332
19,210.59939999878407,6374.693900004029
20,272.29879999160767,6615.270000010729
21,241.6541000008583,6917.460900008678
22,181.15909999608994,7189.530100002885
23,362.59659999608994,7400.811900004744
24,422.8768000006676,7793.675000011921
25,121.3669999986887,8307.10530000925
26,211.1042000055313,8458.350299999118
27,150.74770000576973,8699.551200002432
28,181.64810000360012,8880.727099999785
29,241.7555000036955,9092.550999999046
30,363.27999998629093,9364.32910001278
31,211.3067999929208,9757.187000006435
32,121.00690001249495,9998.731499999762
33,272.3598999977112,10210.302500009537
34,662.9633000046033,10513.75079999864
35,151.00220000744048,11207.060699999332
36,181.19020000100318,11388.358800008891
37,362.3720999956113,11600.131600007417
38,241.80490000545979,11992.412400007248
39,121.17569999396801,12264.405600011349
40,302.7945000082236,12415.840599998832
41,209.61730000376883,12749.517499998212
42,181.51089999079522,12989.713500007989
43,213.35500000417233,13289.594400003552
44,119.70650000870228,13532.20149999857
45,694.001599997282,14016.643100008368
46,243.80089999735355,14741.222800001502
47,300.2575999945384,15015.636900007725
48,181.3643999993801,15345.766900002956
49,241.57860000431538,15557.27199999988
50,211.49419999122802,15828.992600008844
51,241.61620000004768,16070.629200011492
52,573.8300999999046,16342.72349999845
53,301.8077999949455,16947.032400012016
54,242.55129998922348,17278.90640000999
55,271.56149999797344,17551.516400009394
56,181.08380000293255,17853.38790000975
57,211.11349999904996,18064.73530000448
58,453.2866000086033,18306.053900003437
59,241.59129999578,18789.38410000503
60,390.6935999989546,19060.681200012565
61,147.5504000037945,19484.21340000629
62,183.4800999909603,19814.49980001152
63,395.2347000092268,20086.52570000291
64,272.01540000736713,20511.923700004816
65,362.3047000020706,20813.9076000005
66,211.58239999413854,21206.58650000393
67,211.770300000906,21448.043300002813
68,241.34600000083083,21690.052799999718
69,388.41310000419617,21961.892900004983
70,452.62739999592304,22444.48560000956
71,152.86679999530315,22926.25460000336
72,121.19570000468957,23170.01960000396
73,210.66980001330376,23321.97619999945
74,272.2416999936104,23562.46620000899
75,151.2546000033617,23925.150600001216
76,181.83849999308586,24106.5992000103
77,423.0914999991692,24317.803100004792
78,241.33129999041557,24771.325500011444
79,239.69280000030994,25043.15839999914
80,209.06210000812644,25314.595200002197
81,302.0265999883377,25555.74280001223
82,211.38220000267393,25888.609200000763
83,241.49280001222724,26281.224399998784
84,301.53290000558263,26553.403500005603
85,180.7369000017643,26885.70030000806
86,329.8559999912977,27096.73820000887
87,241.23840001225835,27670.64440000057
88,362.20910000801086,27942.681600004435
89,845.9326999932528,28335.183800011877
90,574.3513000011444,29211.242200002074
91,120.73510000109673,29815.699300006032
92,328.95509999990463,29966.892599999905
93,241.93519999086857,30570.44960001111
94,211.23490001261598,30843.15569999814
95,1661.5397999882734,31084.510300010443
96,181.3982000052929,32775.79230000079
97,302.2581999897957,32987.41160000861
98,211.3180000036955,33319.97980000079
99,271.8969999998808,33561.70410001278
100,240.14649999141693,33863.86510001123
101,212.43600000441074,34133.64249999821
102,271.58399999141693,34377.04280000925
103,242.51829999685287,34678.84480001032
104,215.3391000032425,34948.113800004125
105,213.921300008893,35252.38819999993
106,392.64849999547005,35736.95350000262
107,181.00539998710155,36398.347500011325
108,244.30539999902248,36611.46930000186
109,178.18760000169277,36885.879000008106
110,181.3783999979496,37097.32840000093
111,297.55680000782013,37308.97259999812
112,152.41249999403954,37910.01920001209
113,211.20509999990463,38092.55380000174
114,302.4522999972105,38333.741500005126
115,121.48750001192093,38666.38639999926
116,241.65559999644756,38817.83900000155
117,214.29870000481606,39089.12049999833
118,211.9335000068022,39333.60680000484
119,154.19380000232923,39572.35360001028
120,181.24350000917912,39756.77470000088
121,632.1209000051022,39967.95949999988
122,543.6541000008583,40630.27320000529
123,332.4741999953985,41204.1318000108
124,210.22030000388622,41627.16099999845
125,302.83799999952316,41868.14390000701
126,212.34209999441373,42201.05770000816
127,151.08269999921322,42535.29650001228
128,393.8322000056505,42713.3560000062
129,181.0735999941753,43137.76720000804
130,243.2817000001669,44917.9443000108
131,361.9148000031637,45190.49410000444
132,242.3475999981165,45582.46810001135
133,121.06700000166893,45854.96480000019
134,212.00689999759197,46188.6889000088
135,299.96809999644756,46430.551300004125
136,121.42450000345707,46911.98450000584
137,299.3227999955416,47067.61510001123
138,301.65139999985695,47397.04650001228
139,122.61710000038147,47729.08140000701
140,6555.271099999547,48028.66640000045
141,151.08449999987351,54827.88010001183
142,362.7621999979019,55009.64390000701
143,179.0621999949144,55402.9131000042
144,4046.874199986458,55612.31940001249
145,122.98600000142324,59688.80770000816
146,211.40079998970032,60054.10880000889
147,271.0207000076698,60415.74909999967
148,180.31980000436306,60840.22020000219
149,213.51899999380112,61170.33490000665
150,215.1675000041796,63977.50620000064
151,151.25180000066757,64281.086100012064
152,120.81680001318455,64585.18649999797
153,179.58540000021458,64857.270300000906
154,121.98820000886917,65066.83529999852
155,180.68880000710487,65217.92450000346
156,123.33460000157356,65550.10080000758
157,208.84079998731613,65824.50240001082
158,146.83460000157356,66159.04270000756
159,121.14350000023842,66335.79039999843
160,120.2969999909401,66487.14590001106
161,214.04639999568462,66637.41240000725
162,360.93770000338554,66943.22890000045
163,392.89030000567436,67334.47269999981
164,271.72949999570847,67757.52770000696
165,271.79790000617504,68059.95010000467
166,120.7039999961853,68422.25850000978
167,513.633499994874,68573.11930000782
168,361.1799999922514,69116.98040001094
169,181.38910000026226,69508.61310000718
170,303.14339999854565,69719.97060000896
171,301.67759999632835,70053.69760000706
172,483.33760000765324,70385.3778000027
173,270.5151000022888,70899.24440000951
174,240.67790000140667,71200.22789999843
175,333.404599994421,71471.47670000792
176,180.9488999992609,71956.26790000498
177,211.52120000123978,72167.35920000076
178,242.23420000076294,72408.81419999897
179,271.89370000362396,72681.14030000567
180,150.63030000030994,72983.35710000992
181,271.4941000044346,73164.65780000389
182,271.629100009799,73466.74400000274
183,150.77250000834465,73768.95499999821
184,181.7293999940157,73950.03730000556
185,271.96130000054836,74161.5829000026
186,241.50019998848438,74523.99710001051
187,151.30199998617172,74795.2595000118
188,272.0511000007391,74976.81280000508
189,180.58909998834133,75400.0693000108
190,272.28360000252724,75611.1590000093
191,121.24719999730587,75913.36300000548
192,422.91209998726845,76064.18120001256
193,211.82500000298023,76517.47920000553
194,302.3244999945164,76759.03560000658
195,241.76839999854565,77151.92220000923
196,241.75660000741482,77424.17710000277
197,180.73630000650883,77696.18500000238
198,453.1045000106096,77907.27290000021
199,181.35109999775887,78390.61130000651
200,602.7928999960423,78602.25460000336
201,272.6608000099659,79235.90500000119
202,302.3898999989033,79538.7486000061
203,241.5518999993801,79991.99360001087
204,332.4350000023842,80263.30889999866
205,149.0764999985695,80626.67980000377
206,392.7774000018835,80807.24400000274
207,211.3889999985695,81290.71930000186
208,1449.7404000014067,81532.48710000515
209,181.01489999890327,83012.62990000844
210,271.5097999870777,83224.15470001101
211,664.4782000035048,83526.19130000472
212,121.0566999912262,84221.35260000825
213,513.3969999998808,84462.67490001023
214,151.1334000080824,85006.3356000036
215,181.46840000152588,85187.49400000274
216,241.0089000016451,85399.35700000823
217,211.51020000874996,85670.8748999983
218,241.94140000641346,85912.34440000355
219,120.63329999148846,86184.29110001028
220,332.34610000252724,86335.56610000134
221,241.85379999876022,86697.79670000076
222,180.1490000039339,86969.79870000482
223,208.40489999949932,87241.79880000651
224,211.179800003767,87544.26430000365
225,483.4998999983072,87785.65110000968
226,241.71430000662804,88299.14380000532
227,510.6337999999523,88631.59270000458
228,119.8095999956131,89264.6264000088
229,148.38750000298023,89417.1032000035
230,212.8560999929905,89656.15030001104
231,241.37019999325275,89899.14830000699
232,242.30749998988176,90170.73480001092
233,181.6412000060227,90443.20419999956
234,301.849300012007,90655.2076999992
235,181.19979999960924,90987.4129000008
236,211.74699999392033,91259.07180000842
237,211.59589999915625,91500.78770001233
238,302.227899998441,91742.62240000068
239,212.01489999891783,92074.75230000912
240,271.2807999998331,92317.03910000622
241,119.7272000014782,92679.27120000124
242,147.20190000534058,92833.6305000037
243,237.89679999649525,93015.01380001009
244,121.38869999349117,93283.32520000637
245,272.0890999883122,93434.63360001148
246,181.56340000031923,93857.14990000428
247,242.727899998441,94068.4497000128
248,542.280700013027,94341.19799999893
249,272.06620000301336,94914.02920000257
250,211.5523999929428,95216.62720000744
251,452.98659999670053,95458.47310000658
252,211.32350000740553,95941.93400000036
253,1389.336900010705,96183.62420000136
254,332.66279999911785,97603.08070001006
255,272.44329999387264,97965.84750001132
256,150.9421000033617,98268.37440000474
257,271.91509999333357,98449.57030001284
258,241.4944000095129,98751.42170000076
259,271.6973000019789,99023.32220000029
260,181.120899990201,99325.21440000832
261,241.22209998966719,99536.79550001024
262,211.65219999849796,99808.28050000966
263,151.22560000419617,100050.33910000324
264,271.7955999970436,100231.5734000057
265,362.38420000673796,100533.79410000144
266,271.21070000530744,100926.1278000027
267,149.43200001120567,101227.40850000083
268,395.3120000064373,101407.31509999932
269,241.57809999586607,101923.10230000316
270,180.98560000956059,102195.18129999936
271,240.9818000048399,102406.25079999864
272,181.3000999987271,102859.51780000328
273,211.16609999536013,103070.8914000094
274,211.65440000593662,103312.39730000496
275,120.97870001198316,103554.0773999989
276,272.07600000502134,103705.49660000204
277,241.49449999631906,104007.48260000348
278,181.44439999759197,104279.385800004
279,271.5272000133991,104491.03949999808
280,362.7442000061419,104792.70990000664
281,271.91539999842644,105185.60440000892
282,302.0710999965522,105487.9893000126
283,211.29469999669527,105820.0367000103
284,271.7863999903202,106061.63890001178
285,543.5296000093222,106363.91629999876
286,271.48690000174975,106938.06890000404
287,211.35699999333883,107240.3288000077
288,634.5799000114494,107481.6424999982
289,302.1832999885228,108146.24880000947
290,150.93420000375772,108478.74150000513
291,272.10040000079607,108659.6727000028
292,936.1986999958754,108962.01000000536
293,1087.5686999857426,109928.4620000124
294,147.2132000029087,111046.20010000467
295,1117.804199993625,111288.14580000936
296,422.6183000058081,112436.18520000576
297,121.04850000144506,112888.99410000443
298,180.9108000099659,113161.12600000204
299,453.0166999995563,113372.27660000324
300,302.1511000096798,113855.60300000012
301,181.22760000823473,114187.81679999828
302,271.8884999901202,114399.38530001044
303,332.2601999938488,114701.55960001051
304,181.33040000498295,115124.244599998
305,423.570199996233,115335.3982000053
306,453.2602999955707,115789.1072000116
307,151.6416999995563,116332.570600003
308,513.2576000094268,116514.07410000265
309,241.68900001050497,117057.5201999992
310,151.1644999980781,117329.59980000556
311,121.05030000212719,117510.79170000552
312,634.4858999997377,117661.80900000036
313,211.47179999947548,118326.46900001168
314,814.9195000082254,118568.06090000272
315,242.5002000034001,119412.84720000625
316,392.61800000071526,119685.77279999852
317,120.64460000395775,120108.9852000028
318,151.06870000064373,120259.81599999964
319,211.68730001150107,120440.98319999874
320,120.82359999419714,120682.8043000102
321,301.59010000526905,120834.0474999994
322,755.1800999939587,121165.85950000584
323,634.527999997139,121951.44080001116
324,151.02050000427698,122616.04510000348
325,362.4116999953985,122797.54520000516
326,301.9048000126786,123189.93659999968
327,241.80020000041986,123522.29520000516
328,362.74279999734426,123794.00070001183
329,211.406900003567,124186.961800009
330,1178.3508999943588,124428.43510000408
331,150.59319999811123,125637.21320000292
332,362.7524000108242,125818.04839999974
333,241.67069999876549,126210.74690000711
334,242.40129999817873,126482.32850000262
335,211.43919999898935,126754.35150000452
336,573.9670000076003,126996.0627000034
337,422.0822000056505,127600.15430000424
338,303.0165999978781,128052.60670000316
339,362.2098000049591,128385.66369999944
340,392.9025000035472,128778.19930000605
341,271.14839999374817,129201.474300012
342,151.24199999867415,129503.08470000328
343,301.9205999970436,129684.70550000668
344,120.18269999325275,130017.41330000758
345,181.35570000112057,130167.9362000078
346,362.55809999999474,130379.38520000876
347,634.4147000014927,130772.01730000971
348,272.06369999051094,131436.68550001085
349,453.3645000010729,131738.82310000062
350,573.9475000053644,132403.60909999907
351,180.07909999787807,133007.70880000293
352,572.1156000047922,133217.9959000051
353,181.45089998841286,133821.74360001087
354,151.40439999100636,134033.54450000825
355,453.433399990201,134215.41270001233
356,332.5701000094414,134699.03360000253
357,180.08399999141693,135061.1671000123
358,151.06020000576973,135271.3752000034
359,245.04910001158714,135451.0625
360,241.20210000872612,135726.16470000148
361,725.0605999976397,135997.44240000844
362,604.4325000047684,136813.44400000572
363,180.06730000674725,137448.00429999828
364,212.01850000023842,137659.09050001204
365,181.10570000112057,137901.4851000011
366,181.52080000936985,138112.46410000324
367,362.57320000231266,138324.1262000054
368,241.54369999468327,138716.8559000045
369,211.4062999933958,138988.77260001004
370,786.0365999937057,139230.07370001078
371,271.5182999968529,140046.33040000498
372,180.94740000364254,140348.10700000825
373,272.6810999959707,140559.27790001035
374,241.85740000009537,140952.52660000324
375,181.04160000383854,141224.30130000412
376,392.4033000022173,141435.81700000167
377,422.95589999854565,141858.6129000038
378,362.5624000132084,142311.7824999988
379,272.04670000076294,142704.53970000148
380,452.91200000047684,143006.62000000477
381,181.07700000703335,143489.84980000556
382,241.41439999639988,143701.41670000553
383,154.51289999485016,143973.3411000073
384,271.5443000048399,144214.9253000021
385,392.29580000042915,144517.1671999991
386,453.2833000123501,144939.6019999981
387,181.32119999825954,145422.88500000536
388,150.94359999895096,145634.40190000832
389,211.2841999977827,145815.52120000124
390,212.16369999945164,146056.5365000069
391,241.54580000042915,146298.91910000145
392,242.04959999024868,146570.58770000935
393,271.4684000015259,146843.073300004
394,241.44059999287128,147144.846600011
395,241.45299999415874,147416.75250001252
396,151.27169999480247,147748.9715000093
397,120.29459999501705,147930.35680000484
398,241.64269998669624,148081.20050001144
399,150.78550000488758,148353.03460000455
400,271.84569999575615,148534.48280000687
401,151.0983000099659,148836.15680000186
402,272.1419000029564,149017.47380000353
403,241.92890000343323,149319.61910000443
404,150.6718000024557,149591.60950000584
405,211.74899999797344,149772.27100001276
406,241.9488000124693,150014.02549999952
407,362.77089999616146,150286.03320001066
408,150.8302000015974,150679.46029999852
409,241.91459999978542,150860.22860001028
410,151.29179999232292,151132.1237000078
411,242.19869999587536,151313.09810000658
412,241.45260000228882,151585.33190000057
413,271.2043000012636,151947.84010000527
414,272.07580000162125,152249.73820000887
415,271.39490000903606,152552.47439999878
416,362.5397000014782,152914.05400000513
417,271.8686999976635,153307.21310000122
418,483.13920000195503,153609.34700000286
419,453.3922999948263,154122.66130000353
420,483.57709999385406,154605.98840001223
421,362.6263000071049,155119.5474999994
422,180.82190001010895,155512.57569999993
423,184.89290000498295,155723.01399999857
424,391.3964000046253,155935.41820000112
425,302.49549999833107,156358.08130000532
426,150.9151999950409,156690.8193000108
427,211.7470999956131,156871.5761000067
428,271.42099998891354,157113.68640001118
429,272.0469000041485,157505.83220000565
430,241.72349999845028,157808.4660000056
431,181.16940000653267,158080.1900999993
432,634.48979999125,158291.48460000753
433,242.1528999954753,158956.0066000074
434,210.90139999985695,159228.23810000718
435,151.40600000321865,159469.4238000065
436,393.22069999575615,159651.0218000114
437,211.40150000154972,160073.89490000904
438,212.29540000855923,160315.48579999804
439,150.7153000086546,160557.43420000374
440,331.8601000010967,160739.0001000017
441,241.9481999874406,161191.84140001237
442,212.0511000007391,161463.48880000412
443,241.77169999480247,161705.36640000343
444,241.65590000152588,161977.0707000047
445,181.66120000183582,162248.72730000317
446,392.1508000046015,162460.87280000746
447,150.22910000383854,163064.75460000336
448,725.0719999969006,163245.69930000603
449,965.8322000056505,164061.36980000138
450,574.508499994874,165057.91780000925
451,271.6363999992609,165662.44330000877
452,332.4958000034094,165964.42550000548
453,151.13030000030994,166326.7472000122
454,211.74840000271797,166508.143900007
455,363.05550000071526,166749.07140000165
456,151.37489999830723,167141.86089999974
457,211.68329998850822,167323.5613000095
458,272.1464000046253,167564.74549999833
459,604.419599995017,167927.55240000784
460,483.0689999908209,168562.13000001013
461,211.896099999547,169074.6914000064
462,211.9033999890089,169316.80340000987
463,361.38570000231266,169559.32829999924
464,242.45360000431538,169951.0408000052
465,151.63699999451637,170223.30760000646
466,124.05219998955727,170404.61770001054
467,178.17599999904633,170555.8479000032
468,785.518700003624,170857.84149999917
469,422.95209999382496,171673.5638000071
470,755.3042999953032,172126.77620001137
471,543.8909999877214,172912.06580001116
472,543.7011000066996,173485.8736000061
473,301.82999999821186,174059.71140000224
474,121.04569999873638,174391.6889000088
475,328.36750000715256,174545.87250000238
476,272.29500000178814,174904.03090000153
477,484.5629000067711,175206.41889999807
478,151.20960000157356,175721.1740000099
479,393.0207999944687,175902.6333000064
480,272.30429999530315,176326.53040000796
481,300.1186999976635,176628.45980000496
482,119.70559999346733,176961.56410001218
483,151.3391999900341,177171.9170000106
484,211.08760000765324,177353.43510000408
485,453.6051000058651,177594.6835000068
486,240.93129999935627,178078.75910000503
487,181.2301000058651,178350.58640000224
488,272.16189999878407,178622.23620000482
489,241.69339999556541,178924.82430000603
490,573.1719000041485,179196.31599999964
491,272.40569999814034,179802.84190000594
492,242.48499999940395,180101.87190000713
493,302.1625999957323,180374.3015000075
494,211.8319000006013,180706.8900000006
495,271.36890000104904,180948.91930000484
496,211.47370000180672,181250.84130001068
497,272.1389999985986,181492.20540000495
498,211.55889999866486,181794.70740000904
499,573.6432999968529,182036.38410000503
500,274.08980000019073,182639.5666000098
501,453.6469999998808,182943.3356000036
502,211.2270000129356,183427.49289999905
503,450.6292999982834,183669.2196000069
504,120.39859999719192,184153.8543000072
505,238.28109998998116,184304.33500000837
506,274.2123000025458,184751.95610000196
507,120.88609999418259,185055.7839000076
508,181.2035999893851,185207.47770000997
509,181.22740000486374,185418.9200000018
510,151.98250000181724,185629.93129999936
511,242.59810000660946,185871.752700001
512,392.040600001812,186144.09059999883
513,453.5087999999232,186566.54020000997
514,211.77510000759503,187049.8918000013
515,150.4455000013404,187292.1955000013
516,241.6548000126786,187533.7049999982
517,241.94779999551247,187805.34620000425
518,151.44170001149178,188136.9023000002
519,211.4248000085645,188319.21130000052
520,241.66409999129246,188561.09830001
521,181.4130000024743,188832.88700000945
522,241.7719999998808,189044.37430000305
523,212.04620000720024,189315.61200000343
524,180.80059999230434,189557.38790000972
525,332.5856000036001,189769.00620000064
526,180.72820000347565,190131.8490000069
527,181.60539999604225,190342.80910000205
528,181.13359999656677,190554.43160000443
529,180.92880000174046,190766.0121000111
530,181.313299998641,190976.8708000034
531,241.09109999239445,191188.280400008
532,241.57029999792576,191459.4211000055
533,302.4872999936342,191731.4944000095
534,301.6263999939256,192064.09710000452
535,637.6333000064187,192396.29309999943
536,302.24949999150704,193060.6739000082
537,272.1899999976449,193393.11220000684
538,183.50149999558926,193695.60410000384
539,334.2178999930911,193969.35780000687
540,211.487399995327,194329.61750000715
541,181.29880000650883,194631.73690000176
542,151.12139999866486,194843.36870001256
543,332.1422000080347,195024.81700000167
544,211.5882000029378,195387.1911000013
545,392.4967000037723,195629.0218999982
546,180.71299999949406,196052.33490000665
547,271.67329999807407,196263.33190000057
548,181.3112000077963,196565.36720000207
549,211.99230000379612,196776.80730000135
550,241.6308000087447,197018.4904000014
551,242.23200000819634,197290.44390000403
552,271.87550000843476,197562.14100000265
553,544.1370000093884,197864.15839999917
554,392.8631999939098,198438.16500000656
555,181.64980000254582,198861.07630001009
556,211.9844999909401,199072.4294000119
557,392.68219999969006,199314.52260001004
558,423.2196999937005,199737.286800012
559,181.1559999883175,200190.59580001235
560,513.1567000001669,200402.31280000508
561,362.6187999993854,200945.86240001023
562,302.47239999473095,201338.4742000103
563,214.86980000144104,201731.55730000135
564,331.4205999970436,201977.39190000296
565,513.9505999982357,202334.9904000014
566,211.18610000613262,202883.00460000336
567,237.7478000074916,203124.3559000045
568,180.61660000681877,203607.49230000377
569,425.6035999953747,203815.51610000432
570,422.84059999886085,204271.5826000124
571,210.80049999055336,204725.0791000128
572,298.74019999805023,204966.4060000032
573,180.97409999373485,205296.14300000668
574,237.8382000029378,205510.25910000503
575,275.35780000686646,205778.53200000525
576,510.4878000021854,206084.05130000407
577,214.54079999029636,206624.56210000813
578,242.80510000884533,206868.83720000088
579,208.05779999497463,207141.65280000863
580,151.0772999971814,207502.20450000465
581,212.05599999424885,207683.02540001276
582,422.540500000061,207925.2859000117
583,271.96429999169777,208378.2057000101
584,211.57959999144077,208680.29550001025
585,211.46729999780655,208922.10410000384
586,511.145300000906,209163.60649999976
587,273.9210000037856,209825.331400007
588,242.15080000463058,210189.6492000073
589,270.9228999912157,210462.1229000092
590,272.3742000013299,210763.75090000036
591,393.5780999958806,211065.5769000053
592,241.40019999444485,211489.11490000784
593,332.34059999883175,211760.8247999996
594,181.19759999215603,212123.99010001123
595,332.39290000495384,212334.7868999988
596,149.57569999992847,212792.11340001223
597,181.19099999964237,212968.7909000069
598,147.50650000572205,213183.9902999997
599,237.45480000969837,213426.5738999993
600,176.35920000076294,213698.6673000008
601,184.24669998887111,213906.16960000992
602,120.57479999959469,214120.5606000125
603,151.31900000572205,214267.83050000668
604,332.3711000084877,214449.6006000042
605,241.82240000367165,214811.57299999893
606,211.46510000526905,215083.54970000684
607,181.52009999752045,215324.9798000008
608,180.61570000645588,215536.8646000028
609,242.01420000192593,215748.2881000042
610,241.51970000562142,216020.42180000248
611,150.92170000076294,216292.63800001144
612,574.1239000112109,216472.8927000016
613,211.58689999583294,217077.29250000417
614,181.76240000131656,217318.7294000089
615,241.81879998746444,217530.907400012
616,210.56369999051094,217803.0597000122
617,211.6528000086546,218043.74639999864
618,211.4755999892659,218285.9487000108
619,271.9831999987364,218527.1659000069
620,182.49670000374317,218888.92859999835
621,211.60019999739598,219101.46690000597
622,482.72179999941727,219343.577700004
623,151.42450000345707,219856.4458000064
624,151.4725999980874,220037.82569999996
625,181.2504999935627,220219.00380000472
626,184.56729999181698,220430.271600008
627,268.4691000133753,220645.4620999992
628,150.6516999900341,220944.1616000086
629,241.29420000314713,221125.30370000005
630,151.30739998820354,221397.22170001268
631,272.0257999897003,221578.4769000113
632,211.6013000011444,221880.2867000103
633,268.3797999918752,222246.143900007
634,301.6231999993324,222545.47060000896
635,483.7581000030332,222877.0039000064
636,272.1913000047498,223390.68960000572
637,332.2384999990172,223693.0692000091
638,302.12569999694824,224055.65290001035
639,241.6063000112772,224387.7226999998
640,393.01420000192593,224659.34080000225
641,120.91959999498795,225082.2735000104
642,211.50220000743866,225233.5218999982
643,181.16820000112057,225535.60150000453
644,241.6265000104613,225746.94449999928
645,271.86559998989105,226018.786800012
646,543.7327999920235,226320.78500001127
647,211.9011000096798,226894.78620000184
648,207.79459999504616,227200.641200006
649,487.0439000129991,227438.4233999997
650,452.63159999251366,227952.45490001145
651,151.48289999365807,228439.35690000653
652,152.26269999149372,228616.6344000101
653,272.2355999946594,228859.5698000044
654,181.33960001167725,229161.7544
655,180.0486000031815,229372.9685000032
656,211.3066999911971,229583.84830001
657,181.39159999784897,229825.9325000048
658,181.11959999799728,230037.7134000063
659,121.1300999969535,230248.88350000975
660,271.6900999993086,230400.18720000985
661,150.9906000047631,230702.398300007
662,393.11419999599457,231004.21900001168
663,302.0110000074201,231427.13910000023
664,148.80079999560257,231759.6106000096
665,181.71890000998974,231940.0368999988
666,302.2490999997244,232151.95580001172
667,269.71859999001026,232484.70750001076
668,122.8255999982357,232874.95470000803
669,241.27850000560284,233028.4130000025
670,302.44570000469685,233299.82700000703
671,392.4155999869108,233632.7569000125
672,242.20549999177456,234055.3316000104
673,150.83840000629425,234327.2309000045
674,181.4091000110493,234508.27629999816
675,302.2384999990463,234719.91200000048
676,362.3581999987364,235052.30480000377
677,211.30869999530842,235444.95580001172
678,150.83390000459622,235686.7287999988
679,602.3297000080347,235960.50879999995
680,423.18819999694824,236804.04540000856
681,211.4906000047922,237257.3382000029
682,483.22900000217487,237499.38910000023
683,242.15309999877354,238012.58390000465
684,392.44200000166893,238285.15380001068
685,271.6713999956846,238707.60670000315
686,392.6722999960184,239009.50640000403
687,392.5393999963999,239432.5487000048
688,180.33709999918938,239855.3042000085
689,180.17459999027778,240066.45040000972
690,273.0938999950886,240277.133100003
691,151.58969999849796,240670.7839000076
692,181.085700005322,240852.39200000465
693,452.96649999916553,241063.54100000855
694,211.9615000039339,241546.53030000627
695,270.2512999922037,241790.42820000648
696,574.2293000072241,242090.6780000031
697,211.94699999690056,242694.8035000116
698,301.9113000035577,242936.8681000024
699,240.4252000003762,243329.202700004
700,151.6296999901533,243600.10090000927
701,122.49799999591778,243840.1454000026
702,269.292999997735,244083.49490000308
703,303.9025000036054,244475.6517000049
704,422.8808999955363,244809.32940000296
705,211.17309999465942,245262.7909000069
706,332.50489999350975,245594.8916000128
707,211.28489999476005,245957.8392000049
708,120.58100000023842,246199.51260000467
709,361.76990000906517,246351.19460000095
710,302.10440000891685,246743.2120999992
711,815.5049999952316,247135.73550000787
712,453.0709999948449,247981.66240000725
713,242.18279999491642,248464.8641000092
714,695.2123000025749,248857.3925999999
715,1268.633499994874,249582.3668000102
716,362.75869999823044,250881.49940000477
717,271.6122000068717,251274.64880000052
718,241.6131000071473,251576.38819999996
719,150.45749999579857,252120.19770000875
720,273.1573000103235,252300.10029999912
721,210.15489999949932,252603.5991000086
722,180.60100001099636,252844.2404000014
723,271.8143000006967,253177.1479000002
724,332.78949999809265,253478.84580001235
725,272.06819999217987,253901.94230000675
726,180.9510999918566,254204.66360001263
727,241.4644000083208,254415.78010000288
728,483.5261999964714,254687.44670000672
729,271.66189999875496,255200.94520001116
730,271.62060000005295,255502.9702000022
731,211.358800008893,255805.059799999
732,211.6744000017352,256046.67750000957
733,271.9869999885559,256288.59400001168
734,181.1579999923706,256590.69050000608
735,211.2242999970913,256922.98470000923
736,362.526699990005,257164.8317000121
737,272.4477999955416,257617.81450000405
738,150.87789998948574,257920.2427000105
739,453.32490000131656,258101.64740000665
740,362.5067999959283,258675.60680000484
741,181.18350000679493,259068.28880000117
742,392.55850000679493,259339.9729000032
743,332.48929999771644,259762.7828000039
744,151.08599999549915,260125.4479000121
745,301.6284999996424,260307.16510000825
746,362.48370000720024,260699.6821999997
747,151.31829999381443,261212.5604000092
748,181.008499994874,261394.46550001204
749,241.52169999480247,261606.1723000109
750,180.9809000045061,261877.8779000044
751,301.96259999269387,262089.2710000128
752,390.0903000085964,262423.8655000031
753,268.33259999752045,262847.92990000546
754,634.2558999955654,263146.4623000026
755,271.51530000567436,263811.33110000193
756,603.8583000004292,264113.3751000017
757,966.5602000057697,264747.67329999804
758,513.5925000011921,265744.3694000095
759,179.13070000708103,266288.1806000024
760,211.76190000772476,266497.2326000035
761,726.3966999948025,266740.094900012
762,272.3146999925375,267586.8262000084
763,177.22940000897506,267893.01160000265
764,302.146899998188,268100.5923000127
765,180.95970000326633,268432.8969999999
766,725.2851999998093,268704.5585000068
767,211.6427000015974,269460.2651000023
768,422.89880000054836,269701.9032000005
769,148.31579999625683,270154.8507000059
770,182.34749999642372,270333.79690000415
771,182.21469999849796,270546.6425999999
772,181.18889999389648,270758.94520001113
773,181.08200000220677,271030.6972000003
774,329.948500007391,271242.0628000051
775,243.76500000059605,271662.63240000606
776,241.64229999482632,271936.8084000051
777,422.8809999972582,272208.77220000327
778,241.53619998693466,272662.00860001147
779,180.9430000036955,272934.01000000536
780,271.99000000953674,273145.2879000008
781,211.2453999966383,273447.69780001044
782,483.34950000047684,273689.2078000009
783,303.38339999318123,274261.56720000505
784,241.40830001235008,274595.37319999933
785,271.9935000091791,274867.08359999955
786,181.8272999972105,275168.9892000109
787,453.3277000039816,275380.77670000494
788,453.04839999973774,275864.33110000193
789,480.94669999182224,276347.6141000092
790,272.4878000020981,276860.23579999804
791,272.1145000010729,277163.0406000018
792,242.03939999639988,277465.13270001113
793,241.7313000112772,277736.96829999983
794,119.3956000059843,278009.1780000031
795,272.47120000422,278159.57119999826
796,302.19189999997616,278462.2131000012
797,150.87469999492168,278794.48700000346
798,211.46080000698566,279096.4589000046
799,211.91750000417233,279338.1525000036
800,392.73289999365807,279579.93010000885
801,211.12849999964237,280063.11609999835
802,241.38969999551773,280305.1328000128
803,514.1709000021219,280666.9785000086
804,211.13529999554157,281211.0586000085
805,359.6862000077963,281455.4946999997
806,241.56870000064373,281845.61470000446
807,181.7770999968052,282117.31840001047
808,119.60690000653267,282329.01700000465
809,242.86660000681877,282539.007100001
810,211.6259000003338,282812.1872000098
811,241.26240000128746,283054.2469000071
812,362.4921999871731,283325.69090001285
813,332.7932999879122,283718.4373000115
814,118.46050000190735,284080.7594000101
815,152.55509999394417,284230.54170000553
816,211.64750000834465,284413.42720000446
817,241.45830000936985,284655.1600999981
818,422.84810000658035,284927.07410000265
819,150.8011000007391,285470.66120000184
820,211.39240001147846,285651.73589999974
821,151.3445000052452,285893.3123999983
822,120.7449000030756,286074.58200000226
823,362.5463999956846,286225.33070001006
824,301.84440000355244,286618.3205000013
825,241.7339999973774,286950.57290001214
826,211.57879999279976,287222.49530000985
827,181.4636999964714,287464.0095000118
828,332.1211000084877,287675.60830000043
829,180.03270000219345,288038.05220000446
830,270.68529999256134,288248.7701000124
831,152.19539999961853,288610.67859999835
832,241.63819999992847,288793.54550001025
833,241.55259999632835,289065.4025000036
834,181.0084000080824,289337.2243999988
835,453.0912999957218,289548.582100004
836,392.75949999690056,290031.9741000086
837,271.626599997282,290454.89450000226
838,1178.2637000083923,290756.71150000393
839,302.14790000015637,291965.1146000028
840,393.30040000379086,292297.45720000565
841,210.51950000226498,292720.46960000694
842,241.7073999941349,293173.7048000097
843,181.34070000052452,293445.61900000274
844,119.95119999349117,293657.2908000052
845,241.65989999473095,293808.1873000115
846,391.2344000041485,294079.6931000054
847,361.7964000105858,294501.61089999974
848,243.13359999656677,294893.90430000424
849,328.3647000044584,295170.1360000074
850,634.4969999939203,295528.7811000049
851,241.50360000127694,296193.764200002
852,238.02380000054836,296469.03900000453
853,272.3865000009537,296736.9582000077
854,211.7597000002279,297039.5127000064
855,211.28480000793934,297281.2186000049
856,423.38849999010563,297522.46270000935
857,302.2719999998808,297975.9594999999
858,214.98100000619888,298308.4006000012
859,177.4349000006914,298553.7366999984
860,211.4864999949932,298822.23450000584
861,181.77940000593662,299063.33110000193
862,211.69020000105957,299275.3185999989
863,181.27250000834465,299577.6196999997
864,241.91709999740124,299789.1797000021
865,302.00909999012947,300061.0762000084
866,211.58079999691108,300393.2390000075
867,362.54419998824596,300876.63530001044
868,241.9108999967575,301269.5040000081
869,211.55149999260902,301541.5710000098
870,271.7150000035763,301783.3706
871,211.54519999027252,302205.98820000887
872,332.52859999239445,302447.4987000078
873,208.46680000424385,302810.39090000093
874,240.73330000042915,303142.3562000096
875,151.51889999210835,303413.6414000094
876,271.79670000076294,303595.55240000784
877,482.9514999985695,303897.9222000092
878,241.55519999563694,304411.37710000575
879,211.59619998931885,304683.0165000111
880,211.26310001313686,304924.8968999982
881,239.4315000027418,305166.4403000027
882,181.92430000007153,305436.15020000935
883,151.3082000017166,305770.10530000925
884,121.25259999930859,305951.63140000403
885,272.20020000630757,306102.775000006
886,181.38849999010563,306405.18120001256
887,241.65739999711514,306616.54410000145
888,241.56739999353886,306888.56720000505
889,241.65380001068115,307160.4349000007
890,181.13199999934295,307492.4732000083
891,392.6893000007258,307703.8810999989
892,423.3394000083208,308126.53620000184
893,212.05519999563694,308579.6451000124
894,211.23900000751019,308821.7159000039
895,272.13270001113415,309063.0678000003
896,271.77809999883175,309365.57110001147
897,181.4197999984026,309667.61900000274
898,180.66529999673367,309878.8982000053
899,453.70000000298023,310090.0409000069
900,391.7914000003948,310574.019600004
901,120.79240000247955,310996.50349999964
902,241.8175000101328,311238.1469999999
903,332.3779000043869,311510.41390000284
904,150.73610000312328,311873.0449000001
905,240.07870000600815,312054.32829999924
906,302.7917999923229,312325.0614000112
907,241.26979999244213,312658.2294000089
908,181.06119999283692,312930.0806000084
909,302.1798999905586,313141.3599000126
910,241.24960000813007,313474.00879999995
911,151.22539998590946,313866.4893000126
912,150.63940000534058,314047.9430000037
913,241.9974000006914,314228.9921000004
914,361.63629999756813,314501.33070001006
915,241.73149999976158,314893.3128000051
916,241.67720000445843,315165.077700004
917,151.08370000123978,315436.998300001
918,150.49439999461174,315618.5030000061
919,241.52149999141693,315799.53590001166
920,150.57549999654293,316071.8584000021
921,241.413099989295,316373.73050001264
922,148.83560000360012,316705.76950000226
923,152.58760000765324,316884.80889999866
924,211.52290000027278,317067.68560001254
925,361.89490000903606,317309.4455000013
926,846.3253000080585,317701.8194999993
927,301.7697000056505,318577.1116999984
928,240.99620001018047,318909.35909999907
929,183.2647999972105,319271.0872000009
930,121.21590000391006,319485.1913000047
931,241.64769999682903,319636.4280000031
932,211.51610000431538,320029.0309000015
933,422.57660000032047,320270.7452000081
934,150.7516000121832,320723.990199998
935,211.67230001091957,320904.9877000004
936,302.0294000059366,321146.6332000047
937,151.0409999936819,321478.8357000053
938,543.8288999944925,321660.3454000056
939,211.55670000612736,322294.833100006
940,272.1422999948263,322536.3780000061
941,302.1287000030279,322838.67040000856
942,271.98280000686646,323170.6699000001
943,241.49459999793908,323472.9748000056
944,241.89159999787807,323744.8506000042
945,361.1336000114097,324016.6917999983
946,211.09730000793934,324408.56700000167
947,121.94770000874996,324649.97370000184
948,302.1579999923124,324862.6377000064
949,120.41560000175377,325194.7219000012
950,181.11460000276566,325345.76280000806
951,241.63870000839233,325557.4798000008
952,723.6678999960423,325829.0732000023
953,212.66750000417233,326583.20720000565
954,151.3231000006199,326886.3312000036
955,180.8032999932766,327067.7830000073
956,211.81260000169277,327278.9976000041
957,452.98719999194145,327520.9972000122
958,1057.3839000015869,328004.1731000096
959,241.67969998717308,329091.4769000113
960,302.3387999982224,329363.2792000025
961,181.10209999978542,329695.7012000084
962,120.75229999423027,329907.0813000053
963,181.61370000243187,330057.9717999995
964,121.09980000555515,330269.58100000024
965,241.59389999508858,330420.6750000119
966,150.88819999992847,330692.5477000028
967,211.99840000271797,330994.5104999989
968,211.40199999511242,331236.43960000575
969,211.46769998967648,331478.0710000098
970,362.38199999928474,331719.96540001035
971,301.9884999990463,332112.7144000083
972,271.73859998583794,332444.8722000122
973,332.3288000077009,332747.11910000443
974,271.3535999953747,333109.93290001154
975,180.87550000846386,333411.8751000017
976,694.8993000090122,333623.03190000355
977,240.20160000026226,334348.00760000944
978,151.2964999973774,334619.21020001173
979,513.9633000046015,334800.68829999864
980,422.32209999859333,335345.17470000684
981,271.9750999957323,335918.77230000496
982,573.4884999990463,336341.83340001106
983,180.67880000174046,337006.1752000004
984,302.2053000032902,337217.3203999996
985,151.07969999307534,337549.7002000064
986,272.14460000395775,337731.1152999997
987,211.55050000548363,338033.5082000047
988,271.7115000039339,338275.17190000415
989,151.18019999563694,338577.0692000091
990,332.1902999878512,338758.4558000117
991,241.62060000002384,339120.92840000987
992,332.0621999949217,339393.0446000099
993,241.74289999902248,339755.4512000084
994,241.2276999950409,340027.7842000127
995,332.1299999952316,340299.21550001204
996,422.86219999194145,340661.94070000947
997,150.47329999506474,341175.9664000124
998,211.79519999021431,341476.9663000107
999,453.1207999885082,341718.8643000126
1000,452.8134000003338,342322.81170000136
1001,272.2043000012636,342805.9917000085
1002,241.52120000123978,343108.60140000284
1003,271.7125999927521,343380.2936000079
1004,180.12700000405312,343681.98170000315
1005,211.90999999642372,343893.2877000123
1006,332.01759999990463,344135.38950000703
1007,362.04809999471763,344498.0217000097
1008,240.93549999594688,344890.5817000121
1009,182.1744000017643,345161.23820000887
1010,302.8479999899864,345373.02250000834
1011,301.9906000047922,345706.2298000008
1012,332.3500999957323,346038.6193000078
1013,210.86960001289845,346401.35639999807
1014,453.1621000021696,346642.72910000384
1015,271.8365000039339,347126.06340000033
1016,664.0629999935627,347428.3481000066
1017,635.8287000060081,348121.33370000124
1018,453.3694999963045,348847.4784000069
1019,211.94489999115467,349331.0394000113
1020,242.04270000755787,349572.46130000055
1021,211.33460000157356,349844.7647000104
1022,301.95419999957085,350086.50050000846
1023,241.52290000027278,350418.60400000215
1024,181.3065000027418,350690.31020000577
1025,362.4699999988661,351022.59580001235
1026,241.72399999201298,351415.30240000784
1027,181.51549999415874,351687.3913000077
1028,153.28110000496963,351898.98700000346
1029,241.86550000309944,352079.8602000028
1030,573.4940000027418,352442.0898000002
1031,302.0565000027418,353107.33910000324
1032,302.28489999478916,353439.3879000097
1033,392.8242000043392,353772.1578000039
1034,332.27609999477863,354194.8710000068
1035,181.1896000057459,354557.34960000217
1036,147.74330000579357,354768.75640000403
1037,361.94950000941753,355222.0203000009
1038,362.89679999649525,355614.380400002
1039,392.62109999358654,356007.3122000098
1040,180.84700000286102,356430.4129000008
1041,362.2018000036478,356641.9087000042
1042,271.8865000009537,357094.6696000099
1043,392.5679000020027,357397.0326000005
1044,332.12739999598125,357880.3471000045
1045,181.82599999010563,358242.7065000087
1046,392.19140000641346,358454.1357000023
1047,181.21400000154972,358877.2568000108
1048,392.68019999557873,359088.3877000064
1049,634.2933000028133,359511.3129000068
1050,451.67030000692466,360176.1957000047
1051,212.37510000163456,360718.99130000174
1052,241.09849999839207,360961.5658000112
1053,332.26110000908375,361233.2325000018
1054,120.77609999477863,361595.6792000085
1055,211.34190000599483,361867.7634000033
1056,120.68179999291897,362109.0965000093
1057,181.13070000713924,362260.4588000029
1058,211.89090000092983,362471.569600001
1059,392.68850000202656,362713.4052000046
1060,452.89139999449253,363136.4907000065
1061,120.387600004673,363680.4323000014
1062,362.6483999937773,363831.3668000102
1063,181.060800000967,364224.1588000059
1064,211.41920000308892,364435.5478000045
1065,604.3828000128851,364737.3106999993
1066,151.2204999923706,365372.3191000074
1067,301.53319999575615,365553.83500000834
1068,331.8533000051975,365885.6876000017
1069,271.7938999980688,366248.0229000002
1070,120.72630000114441,366640.3576000035
1071,181.03170000010869,366791.6136000008
1072,211.15610000485322,367003.1339000017
1073,181.3285000026808,367244.8013000041
1074,271.6359000056982,367456.3435000032
1075,211.44850000744918,367758.37420000136
1076,392.9809000045061,368090.6198000014
1077,332.013400003314,368513.8628000021
1078,241.070999994874,368876.2036000043
1079,181.28949999809265,369147.9641000032
1080,272.061599999608,369359.608100012
1081,272.11250001197914,369661.62049999833
1082,211.33349999785423,369963.6415000111
1083,271.95589999848744,370205.4798000008
1084,211.61490000784397,370507.39900000393
1085,301.41690000891685,370749.8954000026
1086,211.45160000020405,371081.3334000111
1087,453.4430000036955,371323.0232000053
1088,241.6371999978437,371806.4015000016
1089,210.59769999980927,372078.0354000032
1090,242.67910000681877,372319.440200001
1091,272.10969999432564,372591.9080000073
1092,452.758499994874,372894.291200012
1093,241.80700001120567,373377.41369999945
1094,181.3031000047922,373649.2498999983
1095,150.9294999986305,373860.9585999996
1096,271.8378999978304,374042.1808000058
1097,271.8386999964714,374343.9690000117
1098,392.757599994482,374646.150000006
1099,241.57919999957085,375069.073300004
1100,181.2102999985218,375341.1783000082
1101,209.8192000091076,375552.5817999989
1102,242.20389999449253,375793.5542000085
1103,180.9898999929428,376065.5690000057
1104,241.73050001263618,376276.9065999985
1105,332.6145999878063,376548.8713000119
1106,210.80009999871254,376912.3928000033
1107,271.5972999930382,377274.3128000051
1108,211.47050000727177,377576.0802000016
1109,241.71010001003742,377817.8475999981
1110,181.02639999985695,378089.9853000045
1111,362.8208000063896,378301.180399999
1112,241.4328000098467,378694.1171000004
1113,120.97959999740124,378965.8409000039
1114,422.83889999985695,379117.065200001
1115,453.51579999929527,379569.9891000092
1116,241.59310001134872,380053.82559999824
1117,301.4002999961376,380325.5438000113
1118,362.7416999936104,380657.40020000935
1119,211.2242999970913,381050.5585000068
1120,483.2850000113249,381291.8343999982
1121,785.3849000036134,381805.3605000079
1122,301.8409999907017,382621.1906000078
1123,393.3354000002146,382953.2187000066
1124,362.4336000084877,383376.6090999991
1125,150.81430000066757,383769.3520999998
1126,1268.782900005579,383950.3519999981
1127,240.72609999781707,385249.2107000053
1128,150.74349999427795,385519.98050001264
1129,393.3323999941349,385701.02530001104
1130,511.5535999982967,386124.6747000069
1131,123.32119999831775,386666.2324000001
1132,332.22409999370575,386819.6307000071
1133,452.86290000367444,387303.6107999981
1134,181.30810000008205,387786.5891000032
1135,271.66669999063015,387997.74520000815
1136,271.53510001301765,388298.33879999816
1137,302.4548999965191,388600.2231000066
1138,151.25890000158688,388992.5232000053
1139,153.06930001080036,389174.14869999886
1140,150.87789998948574,389808.22770000994
1141,272.02050000429153,389991.93530000746
1142,178.53610000014305,390294.0610000044
1143,212.85430000722408,390503.0218999982
1144,182.74050000309944,390745.7998000085
1145,241.59239999949932,390958.88910000026
1146,241.25190000236034,391230.9118999988
1147,241.66449999809265,391502.42570000887
1148,211.08300000423333,391774.35260000825
1149,272.59409999853233,392075.6471000016
1150,453.0113999992027,392378.707100004
1151,362.4223999977112,392862.0749000013
1152,815.2801999896765,393254.5447000116
1153,210.21930000191787,394100.2806999981
1154,121.00770001113415,394340.7148000002
1155,242.71170000737766,394492.0283000022
1156,211.40410000091651,394765.2032999992
1157,362.6524999886751,395006.5790000111
1158,150.96310000127414,395399.2998000085
1159,604.2864999919548,395580.5867000073
1160,150.90170000499347,396214.8568000048
1161,271.9942999929772,396396.079700008
1162,452.1812999994145,396698.0637000054
1163,302.6842999905348,397181.1292000115
1164,876.082800000906,397513.95970000327
1165,180.83760000759503,398511.0178000033
1166,180.84199999272823,398722.2612000108
1167,271.980700001237,398933.4316000044
1168,302.0064999908209,399235.6688000113
1169,362.3323999941349,399568.2214000076
1170,181.16629999876022,399961.0337000042
1171,271.9847999960766,400171.97920000553
1172,482.99210000038147,400474.0732000023
1173,272.3598999977112,400986.7507000119
1174,209.91940000647446,401289.7384999991
1175,424.2001999914646,401529.91090001166
1176,724.9291999936104,401984.0515000075
1177,392.8440999984741,402739.445600003
1178,392.7145000100718,403162.1504999995
1179,211.49300000071526,403585.2460000068
1180,180.44260001182556,403826.9497999996
1181,182.1853999942541,404037.8183000088
1182,302.1811999976635,404431.1511000097
1183,211.4738000034704,404763.7386000008
1184,211.38169999426464,405005.693900004
1185,332.2952000051737,405247.5230000019
1186,151.1313000022783,405670.462500006
1187,180.97860001021763,405851.73690000176
1188,362.78949999809265,406063.0664000064
1189,271.9470000118017,406455.7685000002
1190,211.97020000219345,406757.461800009
1191,211.1537999958382,406999.4941000044
1192,272.13180001080036,407240.7877999991
1193,211.5646999925375,407543.282400012
1194,604.3918000012636,407784.8555999994
1195,241.17890000337502,408419.4334000051
1196,694.8708000034676,408691.324300006
1197,241.81110000610352,409476.6875
1198,121.19089999789139,409748.3675000072
1199,211.82289999723434,409899.3359000087
1200,180.0709000080824,410141.18140000105
1201,241.59000000357628,410351.4643000066
1202,514.6638000010862,410623.1551000029
1203,302.1609999984503,411168.385800004
1204,392.72079999750713,411500.7692000121
1205,181.0844999998808,412074.5609000027
1206,392.5992999970913,412407.0339000076
1207,151.13490000367165,412829.8435000032
1208,573.5685999988928,413011.6338
1209,151.17699998617172,413615.5694000125
1210,694.5539000034332,413796.5175999999
1211,452.7619999945164,414521.7418000102
1212,362.5156999976025,415065.1181000024
1213,754.9233999997377,415458.01680000126
1214,513.6431000083103,416243.3660999984
1215,211.44030000269413,416787.0582000017
1216,1177.7967000007047,417028.7177000046
1217,634.4201000034809,418236.9400999993
1218,211.49520000815392,418901.60390000045
1219,210.1068999916315,419143.35260000825
1220,151.39000000059605,419475.2493000031
1221,241.31289999192813,419656.7014000118
1222,151.18909999728203,419928.44650000334
1223,481.9556000083685,420109.7096000016
1224,212.64490000909427,420622.2181999981
1225,299.6605000048876,420865.3273999989
1226,303.3763999938383,421196.217900008
1227,544.0674999951734,421529.6318000108
1228,119.1085000038147,422103.6738000065
1229,302.924099996686,422254.0446000099
1230,331.98240000009537,422587.1592000127
1231,211.9231999964104,422949.2224000096
1232,301.8377999961958,423191.1784000098
1233,664.2120999991894,423523.59310001135
1234,422.7453999966383,424218.2449000031
1235,271.77930000424385,424671.1796000004
1236,392.76769998669624,424973.2877000123
1237,241.7221999912872,425396.1406000108
1238,392.79580000037095,425668.4368000031
1239,181.37529999006074,426151.2085000128
1240,271.78020000463584,426362.5872000009
1241,211.59620000422,426665.2148000002
1242,181.38790000975132,426906.69900000095
1243,392.6912000030279,427118.2636000067
1244,664.2287999988184,427541.5298999995
1245,544.2258999943151,428235.7178000063
1246,241.13419999182224,428870.70580001175
1247,362.480499997735,429142.1878000051
1248,302.0860999971628,429535.02540001273
1249,180.5920999944792,429868.02540001273
1250,603.6252000033855,430229.6535000056
1251,241.92139999568462,430863.6728000045
1252,211.5650999993668,431135.95160000026
1253,423.200100004673,431377.4895000011
1254,301.7406000047922,431921.3205000013
1255,422.71350000804523,432344.22890000045
1256,181.13369999831775,432797.4863000065
1257,181.39800000190735,433069.39990000427
1258,300.77250000834465,433280.91640000045
1259,423.2048000097275,433673.497299999
1260,301.6398999989033,434187.5301000029
1261,272.2393999993801,434519.3234000057
1262,181.5197000055923,434821.7120999992
1263,392.2690000087023,435033.3845999986
1264,846.0268999934196,435455.56030000746
1265,664.6633000075817,436331.9728000015
1266,150.8146999924793,437027.1046000123
1267,211.45679999887943,437207.7827000022
1268,121.47360000020126,437449.5136000067
1269,241.85280001157662,437600.6787000001
1270,332.3923000097275,437872.8317999989
1271,302.0009000002756,438235.2242000103
1272,151.24600000685314,438567.324300006
1273,121.04719999438385,438748.47920000553
1274,452.987399995327,438899.8426000029
1275,211.3674999922514,439382.8692000061
1276,272.125799998641,439624.56990000606
1277,181.2838999927044,439926.7621000111
1278,151.11939999455353,440138.3296000064
1279,211.27380000060657,440319.7023000121
1280,181.15999999642372,440621.2937000096
1281,332.3285999894142,440832.6997000128
1282,514.1088999956846,441315.3366000056
1283,392.70920000970364,442010.8408000022
1284,241.5186000019312,442494.18950000405
1285,241.75450000166893,442766.0813000053
1286,393.1080999970436,443038.1711000055
1287,332.60629999643425,443461.1272000074
1288,269.9602999985218,443823.80520001054
1289,364.4701000005007,444123.7877999991
1290,211.36450000107288,444518.79170000553
1291,211.20020000642398,444760.5219999999
1292,211.39769999677083,445002.1869000048
1293,181.2880000025034,445243.6480000019
1294,271.6650999932899,445455.2032000125
1295,331.96769998961827,445756.9980000109
1296,332.2537000029697,446119.3744000048
1297,271.7339000105276,446481.9587000013
1298,119.76729999488452,446783.90040001273
1299,237.9194999933825,446995.5321000069
1300,151.07400000089547,447327.7258000076
1301,301.0675999968662,447508.7445000112
1302,182.13310000300407,447840.0013000071
1303,210.2740000038757,448053.7982999981
1304,150.80349999672035,448294.384100005
1305,121.17970000207424,448475.5463000089
1306,181.2610999941826,448626.7349000126
1307,362.6225000023842,448928.8394000083
1308,271.873300000967,449321.4849999994
1309,392.71699999267,449623.6588000059
1310,209.09630000585457,450227.8692000061
1311,333.6097000092268,450468.0069999993
1312,151.28149999678135,450831.774300009
1313,302.42570000886917,451012.9798000008
1314,272.12279999256134,451345.7258000076
1315,604.3808999955654,451647.7593000084
1316,181.26319999992847,452372.6074000001
1317,302.1865999995498,452583.9896000028
1318,150.77790001034737,453007.1979999989
1319,272.0340000092983,453187.9641000032
1320,271.9344999938621,453490.0121000111
1321,211.4653999954462,453792.26160000265
1322,241.63419999188045,454034.01040001214
1323,271.69480000436306,454305.89360000193
1324,211.23750001192093,454607.75620000064
1325,151.17250001430511,454849.6292999983
1326,181.2492999882088,455091.217200011
1327,150.92339999973774,455302.6328999996
1328,211.42049999540905,455484.0130000114
1329,241.7107000052929,455725.8734000027
1330,210.88529999554157,456088.6740000099
1331,241.104699999094,456330.1113000065
1332,182.563299998641,456600.3509000093
1333,181.36219999199966,456813.157400012
1334,271.96439999341965,457024.71280001104
1335,241.7647999972105,457326.7583000064
1336,332.5119999945164,457598.7338000089
1337,362.49719999730587,458051.9765000045
1338,271.5629000067711,458444.8352999985
1339,302.1621000021696,458746.5976999998
1340,693.7729000002146,459078.705400005
1341,121.11290000367444,459864.1284999997
1342,181.5122999995947,460015.3251000047
1343,179.94709999859333,460227.075000003
1344,211.96230000257492,460437.85790000856
1345,362.71269999444485,460679.9810000062
1346,120.68389999866486,461072.6941000074
1347,332.1339000016451,461223.9795000106
1348,301.8797999918461,461586.34840001166
1349,242.00239999592304,461918.35260000825
1350,271.9487999975099,462281.0170000047
1351,332.50140000879765,462582.997299999
1352,120.84919999539852,462945.827700004
1353,573.7492000014172,463096.7092000097
1354,302.1651999950409,463700.7884000093
1355,301.88580000400543,464033.44210000336
1356,301.546400010644,464365.5782999992
1357,181.61680001020432,464697.5556000024
1358,271.8307999969111,464908.9928000122
1359,150.68690000480274,465211.7210000008
1360,362.0561999976053,465392.4570000023
1361,362.6266999989748,465785.0503000021
1362,272.07999999821186,466177.65270000696
1363,695.353000000061,466479.71670000255
1364,846.0631999970064,467204.9284000098
1365,844.2630999981775,468082.6229000092
1366,392.754100009799,468956.8898999989
1367,362.82150000333786,469379.8235000074
1368,181.17630000418285,469772.85410000384
1369,513.123400002718,469984.1860000044
1370,181.45509999984642,470527.3976000101
1371,453.2994000017643,470739.17190000415
1372,211.31100000435254,471222.5795000047
1373,422.9847000092268,471464.0747999996
1374,423.0078000127687,471917.1338
1375,302.16759999102214,472370.3668000102
1376,423.3766999989748,472702.2932000011
1377,271.5261999964714,473155.8877000064
1378,846.3220999985933,473457.93260000646
1379,755.2575999945402,474334.13790000975
1380,302.4226000010967,475179.57649999857
1381,241.479699999094,475512.4249000102
1382,211.34099999070168,475784.1494000107
1383,211.57449999451637,476025.6878000051
1384,211.37060000008205,476267.6899000108
1385,241.34569999575615,476509.00600001216
1386,180.867300003767,476901.2203000039
1387,120.04369999468327,477112.0262000114
1388,151.97299998998642,477262.21280001104
1389,333.04749999946216,477444.58619999886
1390,179.99560000002384,477867.810800001
1391,181.26870000356575,478140.5034999997
1392,1087.7339000105858,478351.9752999991
1393,180.86710000038147,479470.10119999945
1394,121.0925000011921,479680.5822000057
1395,422.21370001137257,479832.3847000003
1396,121.00659999251366,480284.8219000101
1397,513.6129999905243,480495.0851000101
1398,302.9257999956608,481039.4319000095
1399,271.83179999899585,481372.6784000098
1400,151.22229999297997,481674.7549000085
1401,573.9800000041723,481855.7282000035
1402,271.60440000897506,482520.6231999993
1403,181.08630000054836,482822.9035000056
1404,452.5550999940024,483034.516200006
1405,272.0101000071154,483517.4306000024
1406,120.56409999728203,483819.9917000085
1407,272.0326999873505,483970.61870001256
1408,634.4987000077963,484272.9250999987
1409,241.62000000476837,484937.4034000039
1410,211.37190000712872,485209.3153000027
1411,117.01720000809291,485450.9710000008
1412,180.9565999954939,485662.7109000087
1413,180.9944000094547,485934.4393000007
1414,360.73919999599457,486325.5636000037
1415,181.84099999070168,486717.7700000107
1416,424.08410000801086,487020.5663000047
1417,302.11169999832055,487474.69490000606
1418,241.66789999610046,487807.3940000087
1419,181.16329999268055,488079.06300000846
1420,211.1119000017643,488290.6933000088
1421,211.97179999947548,488532.0840000063
1422,150.65619999170303,488773.9873000085
1423,181.41480000317097,489015.4604000002
1424,241.53229999536416,489287.545600012
1425,301.9636999964714,489559.43810001016
1426,271.4100999981165,489892.0778000057
1427,211.60549999773502,490193.6959000081
1428,241.39959999924758,490435.4194000065
1429,301.52390000224113,490707.4550999999
1430,211.70079998672009,491039.30090001225
1431,272.5447999984026,491280.66210000217
1432,393.0050999969826,491583.2307000011
1433,241.52799999713898,492006.28590001166
1434,301.7963999956846,492399.3095000088
1435,815.7723000049591,492791.6182000041
1436,543.4155000001774,493637.6585000008
1437,181.20740000903606,494302.0423000008
1438,362.73280000686646,494513.2009000033
1439,211.42929999536136,494906.3269000053
1440,241.8985999971046,495147.8784000129
1441,210.95630000531673,495420.1199000031
1442,302.08859999477863,495661.4616000056
1443,271.6731999963522,495993.8183000088
1444,301.86599999666214,496295.8313000053
1445,302.02599999308586,496627.8193000108
1446,362.54320000112057,496960.2006999999
1447,181.3306999951601,497352.8369000107
1448,241.7201999872923,497564.3290000111
1449,271.6718000024557,497836.4931000024
1450,211.4311999976635,498138.21670000255
1451,241.68340000510216,498379.89740000665
1452,362.6418000012636,498651.82110001147
1453,332.20499999821186,499045.0532000065
1454,331.99500000471016,499407.40270000696
1455,241.2854000031948,499770.2185000032
1456,332.08920000493526,500132.1974000037
1457,362.9901999979629,500494.7580000013
1458,452.8183999955654,500887.7742000073
1459,453.19990000134567,501371.08490000665
1460,452.8834000080824,501854.28880000114
1461,362.7242999971495,502337.19340001047
1462,392.8354000002146,502730.2717000097
1463,151.09810000663856,503153.23700000346
1464,422.8928000032902,503424.9157000035
1465,1329.440699994564,503878.0217000097
1466,302.30009999871254,505237.9677000046
1467,271.4202000051737,505630.4796999991
1468,362.32419998943806,505932.43280000985
1469,211.64079999923706,506324.83500000834
1470,331.99139998853207,506566.6890000105
1471,181.14470000565052,506929.0364000052
1472,211.03659999370575,507140.3572000116
1473,302.234899997653,507381.9236000031
1474,181.16340000927448,507775.0301000029
1475,181.30590000748634,508046.9752999991
1476,302.2686999887228,508258.284100011
1477,211.46809999644756,508650.8258000016
1478,301.9962000101805,508892.5600000024
1479,181.31689999997616,509224.7525999993
1480,150.80439999699593,509436.3366000056
1481,272.1719999909401,509617.2937000096
1482,211.8311000019894,509919.4237000048
1483,181.41320000588894,510161.0056000054
1484,362.2449000030756,510372.9023000002
1485,211.61460000276566,510765.66650000215
1486,181.10629999637604,511007.4283000082
1487,271.46170000731945,511218.7173999995
1488,120.84659999608994,511520.55220000446
1489,332.6591999977827,511671.526000008
1490,544.2132000029087,512034.0613000095
1491,120.8805999905453,512608.3535000086
1492,181.1305000036955,512759.5724000037
1493,241.50190000236034,512971.00090000033
1494,211.70250000065425,513242.75210000575
1495,211.4708999991999,513484.7038000077
1496,211.6013000011444,513725.9826000035
1497,151.00399999320507,513967.7163000107
1498,181.68519999086857,514148.7823000103
1499,271.52560000121593,514360.68950000405
1500,181.02099999785423,514783.61070001125
1501,332.01929999887943,514994.9060000032
1502,271.5136999934912,515357.5692000091
1503,181.23379999399185,515659.3684000075
1504,181.10819999873638,515931.3125
1505,211.4117999970913,516142.5978000015
1506,211.61450000107288,516384.0201999992
1507,181.4653999954462,516625.7035000026
1508,149.7909000069485,516837.444600001
1509,333.07289999723434,517018.1607000083
1510,211.54410000145435,517381.1210000068
1511,181.17309999465942,517623.15260000527
1512,181.61189998680493,517834.2014000118
1513,242.0544999986887,518045.84430000186
1514,211.06399999558926,518318.0601000041
1515,241.47409999364754,518559.3799000085
1516,180.91279999911785,518831.3914000094
1517,271.9408999979496,519042.6143000126
1518,271.90739999717334,519344.7211000025
1519,241.49019999802113,519646.6580000073
1520,241.636800006032,519918.7148000002
1521,211.41019999980927,520311.3396000117
1522,422.9884000121965,520553.376699999
1523,211.1051999925985,521006.3536000103
1524,181.4835999906063,521247.9134000093
1525,241.88129998743534,521459.3123000115
1526,302.299899995327,521731.1974000037
1527,241.70809999114135,522063.3834000081
1528,150.05889999866486,522335.0692000091
1529,272.3535999953747,522516.1738000065
1530,271.88799999654293,522818.75740000606
1531,271.81270000338554,523120.8543000072
1532,150.79060000181198,523423.2434000075
1533,151.02890001231572,523604.27369999886
1534,332.06510001420975,523876.3528999984
1535,241.5430999994278,524329.15640001
1536,211.50220000743866,524601.0724000037
1537,211.53489999473095,524842.5014000088
1538,271.6288999915123,525084.4408000112
1539,150.96980001032352,525390.3337000012
1540,332.7399999946356,525567.3861000091
1541,241.7144000083208,525930.1754000038
1542,332.313299998641,526202.3674000055
1543,120.81599999964237,526564.7943000048
1544,211.33179999887943,526715.7829000056
1545,211.35500000417233,526957.2616000026
1546,150.97300000488758,527199.0892000049
1547,393.52080000936985,527470.4147000015
1548,211.80169999599457,527894.1105000079
1549,181.04279999434948,528135.9800000042
1550,211.85660000145435,528497.7349999994
1551,211.47329999506474,528739.8959000111
1552,331.862399995327,528981.6803000122
1553,815.7111999988556,529525.2870000005
1554,301.8166999965906,530371.1736000031
1555,151.1887999922037,530703.6157000065
1556,181.42910000681877,530884.900000006
1557,271.99970000982285,531156.6779000014
1558,211.2166000008583,531458.9417999983
1559,603.5287000089884,531700.7114000022
1560,513.6071999967098,532334.3980000019
1561,543.6193999946117,532878.5306000113
1562,573.9176999926567,533512.8843000084
1563,272.0093000084162,534116.931400001
1564,211.44549998641014,534419.0984000117
1565,178.80240000784397,534660.9023000002
1566,242.13620001077652,534931.382100001
1567,906.4635999947786,535204.1987000108
1568,423.1380999982357,536140.7228000015
1569,362.3209000080824,536593.7379000038
1570,332.0923999994993,536986.6284000129
1571,181.51319999992847,537348.8524000049
1572,211.1887000054121,537560.6741999984
1573,211.7863000035286,537802.1680999994
1574,423.2903000116348,538043.7463999987
1575,150.81890000402927,538497.1660000086
1576,302.88120000064373,538677.9960000068
1577,423.0472000092268,539010.7580000013
1578,332.75059999525547,539463.6685000062
1579,362.03480000793934,539826.7234999985
1580,177.25730000436306,540219.6213999987
1581,483.582800000906,540490.9541999996
1582,241.3331000059843,541004.7812000066
1583,271.77730000019073,541276.5386999995
1584,302.08470000326633,541578.7079000026
1585,483.44230000674725,541911.0275000036
1586,724.7496999949217,542424.4486000091
1587,301.7534999996424,543179.7832000107
1588,302.33500000834465,543511.4280000031
1589,755.148600012064,543844.1708000004
1590,453.19140000641346,544629.7005999982
1591,147.17000000178814,545112.8302000016
1592,150.7850999981165,545354.2919000089
1593,603.4340000003576,545535.5392000079
1594,664.626599997282,546411.6684000045
1595,210.88960000872612,547166.9254000038
1596,272.09670001268387,547408.2921999991
1597,332.3843999952078,547710.6511000097
1598,241.98929999768734,548073.094900012
1599,211.67849999666214,548345.1968000084
1600,241.45669999718666,548647.1544000059
1601,483.29199999570847,548919.0401000082
1602,211.00990000367165,549432.5796000063
1603,151.92209999263287,549673.391200006
1604,361.799099996686,549855.5707000047
1605,272.0241000056267,550308.1932000071
1606,302.4864999949932,550610.3008000106
1607,119.16369999945164,551033.9055000097
1608,332.84309999644756,551184.1017000079
1609,301.61960001289845,551547.235799998
1610,453.2550999969244,551879.3984000087
1611,181.3872999995947,552362.8815000057
1612,513.2111999988556,552574.4262000024
1613,453.6862999945879,553117.9457000047
1614,573.7118999958038,553601.4400000125
1615,362.243100002408,554205.7927000076
1616,181.5980999916792,554597.7736000121
1617,362.7272999882698,554810.0913000107
1618,332.779599994421,555202.3668000102
1619,150.77009999752045,555565.3013000041
1620,241.4927999973297,555746.0717000067
1621,272.0231000036001,556017.8384000063
1622,181.6972000002861,556319.8034000099
1623,271.9822999984026,556531.6455000043
1624,241.53980000317097,556954.5503000021
1625,332.0780999958515,557226.2840000093
1626,422.0189000070095,557588.8040000051
1627,150.6380999982357,558040.644600004
1628,242.91430000960827,558343.0486000031
1629,209.07070000469685,558616.5800999999
1630,211.73049999773502,558855.8471000046
1631,211.7542999982834,559097.6261000037
1632,150.37980000674725,559339.5442000031
1633,302.3162000030279,559520.4789000005
1634,362.5824999958277,559852.8791000098
1635,272.0464999973774,560246.2877000123
1636,241.56810000538826,560548.6224000007
1637,211.0603999942541,560820.5190000087
1638,240.78350000083447,561062.6323000044
1639,271.9800000041723,561333.7009000033
1640,271.21170000731945,561636.2871000022
1641,241.20550000667572,561937.9263000041
1642,272.24089999496937,562209.5235000104
1643,332.3109999895096,562511.9884000123
1644,332.27390000224113,562874.6306000054
1645,241.4033000022173,563237.0756999999
1646,121.46099999547005,563508.3959000111
1647,241.47469998896122,563659.9284000099
1648,271.82879999279976,563932.0947000086
1649,604.5389999896288,564233.8333000094
1650,120.77510000765324,564868.3866000026
1651,513.7840999960899,565079.4210000038
1652,513.6034999936819,565623.4132000059
1653,453.11630000174046,566167.2626000047
1654,241.449300006032,566650.6095000058
1655,453.31700000166893,566922.1326000094
1656,936.2786000072956,567466.4065999985
1657,181.11509999632835,568432.707400009
1658,181.34820000827312,568644.4780000001
1659,302.36590000987053,568855.5632999986
1660,151.41490000486374,569187.7569999993
1661,332.02719999849796,569369.5657000095
1662,181.54930000007153,569792.0410000086
1663,150.51899999380112,570003.9636000097
1664,301.71250000596046,570185.0373000056
1665,181.2085000127554,570517.1116999984
1666,150.9716999977827,570728.6107000113
1667,453.2741999924183,570909.9872000068
1668,332.45340000092983,571393.0072000027
1669,118.97410000860691,571755.7456
1670,302.72959999740124,571906.8055000007
1671,211.53020000457764,572239.6058000028
1672,242.05920000374317,572481.0512000024
1673,181.5615999996662,572753.2444000095
1674,301.8514999896288,572965.1433000118
1675,241.5055999904871,573297.1115000099
1676,120.75669999420643,573629.261800006
1677,422.7571999877691,573780.3624000102
1678,271.92499999701977,574233.3615000099
1679,362.23880000412464,574535.4105000049
1680,453.7699999958277,574927.7997000068
1681,120.77290000021458,575471.7833999991
1682,151.13189999759197,575744.1968000084
1683,181.23409999907017,575925.4117000103
1684,211.51169998943806,576136.7567000091
1685,120.85920000076294,576378.6978000104
1686,211.50779999792576,576529.5826000124
1687,362.38629999756813,576771.1559000015
1688,422.79799999296665,577164.0034000129
1689,421.9590000063181,577616.9321999997
1690,240.86969999969006,578069.8299000114
1691,937.6673000007868,578341.0588000119
1692,1389.2157000005245,579309.004700005
1693,121.24379999935627,580728.2747000009
1694,634.2407999932766,580879.6580000073
1695,211.60909999907017,581544.2193000019
1696,242.12750001251698,581785.7041999996
1697,120.95289999246597,582057.6617000103
1698,272.18340000510216,582208.305399999
1699,181.46899999678135,582510.8729000092
1700,1027.0825999975204,582722.0659000129
1701,422.6570999920368,583869.8253000081
1702,211.80169999599457,584322.8702000082
1703,181.21090000867844,584565.0803000033
1704,272.424099996686,584775.8410000056
1705,211.58399999141693,585078.1565000117
1706,119.72860001027584,585319.9717999995
1707,241.48340000212193,585531.8836999983
1708,241.70340000092983,585803.8038000017
1709,211.820999994874,586074.8384000063
1710,241.88869999349117,586317.0611000061
1711,332.48530000448227,586588.4076000005
1712,302.1356000006199,586951.1855000108
1713,211.70899999141693,587283.4566000104
1714,242.00119999051094,587585.6055000126
1715,181.2838999927044,587857.6773000062
1716,180.96160000562668,588069.5659999996
1717,362.27390000224113,588280.6986000091
1718,211.88310000300407,588673.1120000035
1719,694.792199999094,588914.8234000057
1720,151.21470001339912,589639.923299998
1721,272.0527999997139,589821.1809000075
1722,392.54659999907017,590123.3273999989
1723,331.6365000009537,590546.1641000062
1724,513.9076000005007,590908.4624000043
1725,1752.0756000131369,591452.4717999995
1726,151.0866999924183,593234.7348000109
1727,392.549899995327,593416.2863000035
1728,120.73479999601841,593838.831400007
1729,211.06059999763966,593989.2846000046
1730,243.79999999701977,594230.3514000028
1731,486.3634000122547,594501.3035999984
1732,271.99179999530315,595018.6113000065
1733,208.2724999934435,595320.7609000057
1734,604.9641999900341,595558.6757000089
1735,151.8843999952078,596253.6953000128
1736,211.14339999854565,596435.5834000111
1737,305.686700001359,596677.2352000028
1738,302.2685000002384,597010.2208000124
1739,181.01240000128746,597342.3211999983
1740,184.50919999182224,597554.1914000064
1741,151.28189998865128,597766.0076000094
1742,181.56629998981953,597947.2533000112
1743,271.6111000031233,598158.9230000079
1744,271.9673999994993,598461.0531000048
1745,181.02779999375343,598763.1442000121
1746,634.3017999976873,598974.5658000112
1747,483.2465000003576,599759.8880000114
1748,207.35699999332428,600273.4488000125
1749,120.7153999954462,600636.1847000122
1750,211.25140000879765,600787.1557999998
1751,211.44020000100136,601028.6793000102
1752,272.1156999915838,601270.3687000126
1753,151.3475999981165,601572.3871000111
1754,453.2091999948025,601814.1116000116
1755,392.96529999375343,602297.3383000046
1756,543.7951999902725,602811.1512000114
1757,210.00140000879765,603384.9534000009
1758,272.72110000252724,603625.6515000015
1759,181.1114000082016,603928.8090000004
1760,150.9805999994278,604140.2065000087
1761,302.21359999477863,604381.8938000053
1762,332.4302999973297,604714.001000002
1763,362.89920000731945,605076.6019999981
1764,211.37520000338554,605469.3863999993
1765,332.88030000030994,605711.0491999984
1766,573.4252999871969,606073.9673000127
1767,996.6920000016689,606677.8589000106
1768,603.9750999957323,607705.1463000029
1769,513.8819999992847,608339.0546000004
1770,302.35159999132156,608882.7364000082
1771,242.00609999895096,609215.0095000118
1772,845.6680999994278,609486.8786000013
1773,363.13320000469685,610362.7036000043
1774,573.5626000016928,610816.3938000053
1775,211.27229999005795,611420.1819000095
1776,151.58889999985695,611661.8784000129
1777,150.6456000059843,611843.6465000063
1778,331.97789999842644,612085.1090000123
1779,301.71220000088215,612447.5447999984
1780,513.3068999946117,612900.4659000039
1781,271.6588999927044,613444.35270001
1782,241.78650000691414,613746.3669999987
1783,362.1744000017643,614018.1237000078
1784,302.26469999551773,614410.89760001
1785,181.38529999554157,614743.5306000113
1786,513.3359000086784,614954.9376000017
1787,272.2619999945164,615498.334800005
1788,302.28519999980927,615800.2686000019
1789,181.17599999904633,616133.0683000088
1790,604.1621000021696,616344.2894999981
1791,332.12180000543594,616978.6424999982
1792,150.95019999146461,617341.5648000091
1793,151.11380000412464,617522.4849999994
1794,845.7076999992132,617703.9318000078
1795,574.2796000093222,618579.7631999999
1796,150.76559999585152,619184.0903000087
1797,272.07840000092983,619546.3859000057
1798,484.19910000264645,619848.0337000042
1799,755.1121000051498,620362.2322999984
1800,150.82199999690056,621147.5394000113
1801,151.45819999277592,621328.5931000113
1802,211.65540000796318,621509.8680000007
1803,181.4738999903202,621751.6917000115
1804,211.76630000770092,621963.1512999982
1805,211.1616000086069,622205.0398000032
1806,150.8082000017166,622446.4156000018
1807,181.27909998595715,622627.5236000121
1808,271.60070000588894,622839.0160000026
1809,180.98200000822544,623141.2300000042
1810,332.376599997282,623352.5629000068
1811,271.90139999985695,623775.4272000045
1812,272.00579999387264,624198.1306000054
1813,211.31899999082088,624500.6776000112
1814,181.36879999935627,624742.0520000011
1815,180.9497999995947,624953.7815999985
1816,120.9864000082016,625164.9523999989
1817,392.53059999644756,625315.8844000101
1818,181.26299999654293,625739.0531000048
1819,211.49019999802113,625950.4976000041
1820,362.61259999871254,626192.2657000124
1821,181.43930000066757,626584.7783000022
1822,272.03010000288486,626887.016900003
1823,181.50499999523163,627188.9141000062
1824,120.47300000488758,627400.7058999985
1825,302.5034999996424,627551.4186000079
1826,120.64200000464916,627883.8023000062
1827,302.03810000419617,628035.1028999984
1828,272.1182000041008,628367.342900008
1829,241.4142000079155,628669.758100003
1830,180.53530000150204,628941.632100001
1831,272.38789999485016,629152.7646000087
1832,362.4807999879122,629454.8765000105
1833,332.2089000046253,629847.5458000004
1834,151.4088999927044,630209.5808000118
1835,666.5190000087023,630390.9197999984
1836,271.842899993062,631087.3651000112
1837,607.0286999940872,631386.0427000076
1838,301.89249999821186,632084.324000001
1839,242.00180000066757,632416.1489000022
1840,151.39630000293255,632688.1548999995
1841,268.6444000005722,632869.6838999987
1842,513.3648000061512,633172.2562000006
1843,242.07420000433922,633772.8933999985
1844,182.7989000082016,634044.7474000007
1845,211.4285999983549,634258.0383000076
1846,272.18859998881817,634590.2754000127
1847,241.5317999869585,634892.5139000118
1848,876.127500012517,635164.1143999994
1849,392.59129999578,636070.7076000124
1850,241.3593000024557,636493.6501000077
1851,573.2638000100851,636765.6225000024
1852,846.0093000084162,637429.9561000019
1853,301.9332000017166,638306.334800005
1854,181.08320000767708,638638.4065999985
1855,271.9390000104904,638849.7695000023
1856,181.1402000039816,639151.8979000002
1857,302.14380000531673,639363.3550000042
1858,181.5227999985218,639695.7055000067
1859,150.93060000240803,639967.5808999985
1860,151.40009999275208,640148.7055000067
1861,150.88490000367165,640330.1268000007
1862,361.1789000034332,640511.3630000055
1863,180.73530000448227,640964.7328000069
1864,332.6199000030756,641175.7592000067
1865,453.5224999934435,641538.4159000069
1866,211.60010001063347,642021.5943000019
1867,449.9490000009537,642263.3376000077
1868,302.000799998641,642927.9440000057
1869,211.58249999582767,643260.0436000079
1870,241.25439999997616,643502.1410000026
1871,211.05999998748302,643773.715500012
1872,211.8289999961853,644014.9160000086
1873,422.74330000579357,644256.9770999998
1874,241.40589998662472,644710.2947000116
1875,151.67550000548363,644981.7626000047
1876,332.1621000021696,645163.523300007
1877,241.1356000006199,645526.3791000098
1878,180.90909999608994,645798.0542000085
1879,362.5472999960184,646009.3790000081
1880,151.37810000777245,646402.1323000044
1881,211.77080000936985,646583.0483999997
1882,211.59260000288486,646824.7826000005
1883,211.03479999303818,647066.6688000113
1884,300.45410001277924,647310.1997999996
1885,453.47820000350475,647640.1440000087
1886,483.88619999587536,648123.4440000057
1887,301.45889998972416,648637.8184000105
1888,241.14210000634193,648969.9546000063
1889,302.27500000596046,649241.3903000057
1890,181.39159999787807,649573.7836000025
1891,271.9812000095844,649785.2280000001
1892,332.50340001285076,650087.1565999985
1893,271.7276000082493,650450.0007999986
1894,180.8014000058174,650752.2819000036
1895,302.0287000089884,650963.5768000036
1896,301.94239999353886,651295.9099000096
1897,120.57279999554157,651628.1573000103
1898,301.7096999883652,651779.1416000128
1899,211.76170000433922,652110.9896000028
1900,331.9669000059366,652353.0443000048
1901,271.7942000031471,652715.3047000021
1902,241.9265999943018,653017.2578000128
1903,121.05030000209808,653289.3150999993
1904,241.5156999975443,653591.8460000008
1905,120.94780001044273,653863.4567999989
1906,272.0004000067711,654074.9077000022
1907,301.4151999950409,654376.9062000066
1908,242.154599994421,654708.9096000046
1909,181.5849999934435,654981.1781000048
1910,240.9826000034809,655193.0357000083
1911,362.8525999933481,655464.149300009
1912,210.90380001068115,655857.134800002
1913,271.34309999644756,656098.5869000107
1914,271.98669999837875,656400.8350000083
1915,302.47910000383854,656702.9113000035
1916,180.95849999785423,657035.5535000116
1917,211.38030000030994,657247.0505000055
1918,453.0371000021696,657488.3737000078
1919,151.24819999933243,657971.7160000056
1920,392.52160000801086,658153.0539000034
1921,241.23620000481606,658576.0714000016
1922,242.008499994874,658847.7023000121
1923,362.5692000091076,659119.5451000035
1924,241.46159999072552,659512.4849000126
1925,634.6705999970436,659783.9364000112
1926,423.0818000137806,660448.865199998
1927,573.7190999984741,660902.3492000103
1928,543.1045999974012,661506.2748000026
1929,301.9775000065565,662079.9816000015
1930,211.12530000507832,662412.4538000077
1931,241.56579999625683,662654.1184000075
1932,181.72959999740124,662925.8217000067
1933,272.40260000526905,663197.4285999984
1934,483.2270999997854,663500.0244000107
1935,151.41589999198914,664013.4812000096
1936,241.7250000089407,664194.8048000038
1937,211.53210000693798,664466.5864000022
1938,181.48639999330044,664708.2134000063
1939,272.282900005579,664919.6629000008
1940,211.04650001227856,665222.2155999988
1941,332.37060000002384,665463.7340999991
1942,271.94239999353886,665826.155400008
1943,211.40899999439716,666128.3543000072
1944,206.80770000815392,666370.0667999983
1945,181.00420001149178,666731.7976000011
1946,333.1282999962568,666942.6397000104
1947,150.78619998693466,667366.7005000114
1948,272.3184999972582,667547.6261000037
1949,362.6436999887228,667850.0332000107
1950,180.97690001130104,668242.7765000015
1951,272.03689999878407,668453.9666000009
1952,181.78530000150204,668756.0154000074
1953,302.0684000104666,668967.8343999982
1954,332.0558999925852,669390.6344000101
1955,302.7525999993086,669752.8656000048
1956,241.52699999511242,670085.97330001
1957,181.5608000010252,670447.9086000025
1958,181.50390000641346,670659.3673000038
1959,181.52090001106262,670931.2914000005
1960,330.8112000077963,671142.9781000018
1961,273.0460000038147,671503.9511000067
1962,120.55229999125004,671867.7647000104
1963,242.05799999833107,672018.4132000059
1964,150.88359999656677,672290.9192000031
1965,211.17599999904633,672472.0195000023
1966,272.16959999501705,672713.6051000059
1967,483.29500000178814,673015.7322999984
1968,211.1520999968052,673529.4061000049
1969,272.1462999880314,673770.7198000103
1970,302.0139999985695,674073.1333000064
1971,151.13279999792576,674556.2577000111
1972,513.5706000030041,674737.3654000014
1973,483.3915999978781,675281.1095000058
1974,241.87899999320507,675794.5232000053
1975,150.96350000798702,676157.2278999984
1976,331.823500007391,676489.5538000017
1977,362.5692999958992,676851.7353000045
1978,211.5697999894619,677244.7021000087
1979,332.3368000090122,677486.3407000005
1980,151.07690000534058,677848.8264999986
1981,121.06659999489784,678030.1890000105
1982,271.84720000624657,678181.2917000055
1983,181.5837999880314,678483.1899000108
1984,301.9810000061989,678694.7915000021
1985,151.17839999496937,679027.0021000057
1986,211.5312000066042,679208.1991000026
1987,121.24459999799728,679449.7972000092
1988,241.71179999411106,679601.1556000113
1989,452.6596999913454,679873.0067000091
1990,181.7010999917984,680355.8114000112
1991,422.67620000243187,680567.7011000067
1992,241.55429999530315,681020.8941000104
1993,150.80969999730587,681292.6265000105
1994,181.13089999556541,681473.8323000073
1995,725.1142999976873,681685.1754000038
1996,302.10490000247955,682440.5275000036
1997,211.52579998970032,682772.6389000118
1998,392.9513000100851,683014.0952000022
1999,181.57539999485016,683437.0683000088
2000,302.2772000133991,683648.5227999985
2001,181.49259999394417,683980.8721000105
2002,241.98319999873638,684192.5122999996
2003,120.35539999604225,684464.7827000022
2004,149.96559999883175,684615.5476000011
2005,423.39880000054836,684796.3192000091
2006,211.66690000891685,685250.0230000019
2007,181.4649000018835,685491.5168000013
2008,241.795500010252,685793.4130000025
2009,150.67370000481606,686065.8136000037
2010,211.46760000288486,686246.8857000023
2011,211.4382000118494,686488.5078999996
2012,241.8018999993801,686790.6097000092
2013,150.59730000793934,687062.8317999989
2014,241.53910000622272,687243.6782000065
2015,302.01370000839233,687515.5319000036
2016,302.0326000005007,687847.792900011
2017,422.85520000755787,688180.1920000017
2018,181.6275999993086,688844.7410000116
2019,238.80420000851154,689056.7395000011
2020,303.2854000031948,689326.6597000062
2021,331.75220000743866,689660.6948000044
2022,210.7213999927044,690023.0127000064
2023,301.7854999899864,690264.6934000105
2024,241.5177000015974,690597.0004000068
2025,181.1342000067234,690868.8111000061
2026,241.67890000343323,691080.1576000005
2027,302.4188000112772,691351.5025999993
2028,241.545500010252,691744.5405000001
2029,393.368100002408,692076.7812000066
2030,123.81610000133514,692497.2557000071
2031,151.13409999012947,692741.9380000085
2032,210.47400000691414,693073.0344000012
2033,148.46979999542236,695578.8545000106
2034,180.1608999967575,696157.2038000077
2035,604.0628999918699,696369.3543000072
2036,8454.117200002074,697003.0913000107
2037,301.6667999923229,705913.0438000113
2038,265.31810000538826,706249.0141000003
2039,150.75229999423027,706635.8447000086
2040,181.2280000001192,707148.9661000073
2041,149.84789998829365,707361.1275000125
2042,182.39419999718666,707632.1930000037
2043,150.40659999847412,708057.5327000022
2044,513.2501999884844,708238.8194000125
2045,151.0009999871254,708782.233100012
2046,604.2127999961376,708963.4732000083
2047,332.79450000822544,709597.8027999997
2048,181.03300000727177,709960.6965000033
2049,664.7839000076056,710171.9827000052
